"Date","deep_mean","shal_mean","deep_n","shal_n","deep_dose","shal_dose","Rdt"
"2008-12-02",NA,NA,95,95,NA,NA,2008-12-02
"2008-12-03",4.42019375,91.8343125,288,288,0.38190474,7.9344846,2008-12-03
"2008-12-04",2.79560208333333,36.1882305555556,288,288,0.24154002,3.12666312,2008-12-04
"2008-12-05",17.7855236111111,146.241734722222,288,288,1.53666924,12.63528588,2008-12-05
"2008-12-06",25.3531166666667,144.969990277778,288,288,2.19050928,12.52540716,2008-12-06
"2008-12-07",3.66620138888889,108.231423611111,288,288,0.3167598,9.351195,2008-12-07
"2008-12-08",0.627503472222222,18.6630111111111,288,288,0.0542163,1.61248416,2008-12-08
"2008-12-09",4.18302708333333,48.0446652777778,288,288,0.36141354,4.15105908,2008-12-09
"2008-12-10",2.92604375,79.3952638888889,288,288,0.25281018,6.8597508,2008-12-10
"2008-12-11",2.24221319444444,99.7552791666667,288,288,0.19372722,8.61885612,2008-12-11
"2008-12-12",0.775732638888889,53.9797416666667,288,288,0.0670233,4.66384968,2008-12-12
"2008-12-13",1.43288194444444,39.3022291666667,288,288,0.123801,3.3957126,2008-12-13
"2008-12-14",2.44084027777778,71.0909986111111,288,288,0.2108886,6.14226228,2008-12-14
"2008-12-15",1.09887222222222,43.9211791666667,288,288,0.09494256,3.79478988,2008-12-15
"2008-12-16",1.25599513888889,60.1536736111111,288,288,0.10851798,5.1972774,2008-12-16
"2008-12-17",8.63484305555555,125.0675125,288,288,0.74605044,10.80583308,2008-12-17
"2008-12-18",10.5440347222222,78.0888208333333,288,288,0.9110046,6.74687412,2008-12-18
"2008-12-19",13.2833097222222,79.1515666666667,288,288,1.14767796,6.83869536,2008-12-19
"2008-12-20",4.82140069444444,22.7453430555556,288,288,0.41656902,1.96519764,2008-12-20
"2008-12-21",2.74915694444444,75.1071611111111,288,288,0.23752716,6.48925872,2008-12-21
"2008-12-22",8.81963541666667,102.402056944444,288,288,0.7620165,8.84753772,2008-12-22
"2008-12-23",26.7069430555556,128.839977777778,288,288,2.30747988,11.13177408,2008-12-23
"2008-12-24",19.7549951388889,103.558408333333,288,288,1.70683158,8.94744648,2008-12-24
"2008-12-25",11.384,57.4681625,288,288,0.9835776,4.96524924,2008-12-25
"2008-12-26",3.99329375,100.0482,288,288,0.34502058,8.64416448,2008-12-26
"2008-12-27",13.3722472222222,108.510626388889,288,288,1.15536216,9.37531812,2008-12-27
"2008-12-28",17.6748458333333,83.5300472222222,288,288,1.52710668,7.21699608,2008-12-28
"2008-12-29",25.0843277777778,138.6266,288,288,2.16728592,11.97733824,2008-12-29
"2008-12-30",13.6272013888889,104.306445833333,288,288,1.1773902,9.01207692,2008-12-30
"2008-12-31",13.8841319444444,89.6273194444444,288,288,1.199589,7.7438004,2008-12-31
"2009-01-01",10.4471916666667,74.876375,288,288,0.90263736,6.4693188,2009-01-01
"2009-01-02",11.4472444444444,74.6213805555556,288,288,0.98904192,6.44728728,2009-01-02
"2009-01-03",13.0412020833333,40.7676402777778,288,288,1.12675986,3.52232412,2009-01-03
"2009-01-04",13.9908569444444,51.6178152777778,288,288,1.20881004,4.45977924,2009-01-04
"2009-01-05",17.5483569444444,65.5093638888889,288,288,1.51617804,5.66000904,2009-01-05
"2009-01-06",8.55183472222222,35.1488861111111,288,288,0.73887852,3.03686376,2009-01-06
"2009-01-07",21.3884805555556,85.0737319444444,288,288,1.84796472,7.35037044,2009-01-07
"2009-01-08",11.4541618055556,80.4846388888889,288,288,0.98963958,6.9538728,2009-01-08
"2009-01-09",5.84615833333333,27.4223930555556,288,288,0.50510808,2.36929476,2009-01-09
"2009-01-10",9.86020416666667,67.9205138888889,288,288,0.85192164,5.8683324,2009-01-10
"2009-01-11",10.7060986111111,72.5289736111111,288,288,0.92500692,6.26650332,2009-01-11
"2009-01-12",1.20757361111111,63.6533916666667,288,288,0.10433436,5.49965304,2009-01-12
"2009-01-13",1.8321125,61.7280222222222,288,288,0.15829452,5.33330112,2009-01-13
"2009-01-14",0.406147916666667,64.2489166666667,288,288,0.03509118,5.5511064,2009-01-14
"2009-01-15",1.05934444444444,65.8644194444445,288,288,0.09152736,5.69068584,2009-01-15
"2009-01-16",0.31128125,18.9252680555556,288,288,0.0268947,1.63514316,2009-01-16
"2009-01-17",0.328080555555556,13.3694555555556,288,288,0.02834616,1.15512096,2009-01-17
"2009-01-18",6.57248125,30.517025,288,288,0.56786238,2.63667096,2009-01-18
"2009-01-19",4.93800763888889,44.9823111111111,288,288,0.42664386,3.88647168,2009-01-19
"2009-01-20",2.79659027777778,31.3554402777778,288,288,0.2416254,2.70911004,2009-01-20
"2009-01-21",NA,NA,204,204,NA,NA,2009-01-21
"2009-01-22",17.2998777777778,98.9655,288,288,1.49470944,8.5506192,2009-01-22
"2009-01-23",25.5839125,128.161111111111,288,288,2.21045004,11.07312,2009-01-23
"2009-01-24",33.4023319444444,134.860055555556,288,288,2.88596148,11.6519088,2009-01-24
"2009-01-25",11.2264027777778,80.4279444444444,288,288,0.9699612,6.9489744,2009-01-25
"2009-01-26",24.4550402777778,118.568388888889,288,288,2.11291548,10.2443088,2009-01-26
"2009-01-27",7.97955972222222,73.1066111111111,288,288,0.68943396,6.3164112,2009-01-27
"2009-01-28",14.5515902777778,83.4076666666667,288,288,1.2572574,7.2064224,2009-01-28
"2009-01-29",7.11242916666667,37.7749444444444,288,288,0.61451388,3.2637552,2009-01-29
"2009-01-30",2.91209861111111,23.1426666666667,288,288,0.25160532,1.9995264,2009-01-30
"2009-01-31",4.32496944444444,29.2201666666667,288,288,0.37367736,2.5246224,2009-01-31
"2009-02-01",12.7176180555556,82.4755,288,288,1.0988022,7.1258832,2009-02-01
"2009-02-02",5.74318194444444,73.6836666666667,288,288,0.49621092,6.3662688,2009-02-02
"2009-02-03",11.0029430555556,65.3857777777778,288,288,0.95065428,5.6493312,2009-02-03
"2009-02-04",8.71047777777778,51.4231111111111,288,288,0.75258528,4.4429568,2009-02-04
"2009-02-05",8.08550277777778,69.0096111111111,288,288,0.69858744,5.9624304,2009-02-05
"2009-02-06",7.227275,48.0127222222222,288,288,0.62443656,4.1482992,2009-02-06
"2009-02-07",6.5301875,38.3000555555556,288,288,0.5642082,3.3091248,2009-02-07
"2009-02-08",5.9372625,36.6916666666667,288,288,0.51297948,3.17016,2009-02-08
"2009-02-09",3.68040833333333,18.7330555555556,288,288,0.31798728,1.618536,2009-02-09
"2009-02-10",5.64169027777778,31.0561666666667,288,288,0.48744204,2.6832528,2009-02-10
"2009-02-11",12.4487541666667,56.4286666666667,288,288,1.07557236,4.8754368,2009-02-11
"2009-02-12",2.15714305555556,15.6532222222222,288,288,0.18637716,1.3524384,2009-02-12
"2009-02-13",7.15605277777778,48.0193333333333,288,288,0.61828296,4.1488704,2009-02-13
"2009-02-14",1.18763055555556,44.9961666666667,288,288,0.10261128,3.8876688,2009-02-14
"2009-02-15",8.33210972222222,66.2848888888889,288,288,0.71989428,5.7270144,2009-02-15
"2009-02-16",5.67195972222222,45.1066666666667,288,288,0.49005732,3.897216,2009-02-16
"2009-02-17",6.20345555555556,62.3314444444444,288,288,0.53597856,5.3854368,2009-02-17
"2009-02-18",4.39352083333333,43.0865,288,288,0.3796002,3.7226736,2009-02-18
"2009-02-19",NA,NA,204,204,NA,NA,2009-02-19
"2009-02-20",1.56063055555556,7.96287083333333,288,288,0.13483848,0.68799204,2009-02-20
"2009-02-21",0.0234013888888889,5.88173333333333,288,288,0.00202188,0.50818176,2009-02-21
"2009-02-22",0.000806944444444444,4.49233194444444,288,288,6.972e-05,0.38813748,2009-02-22
"2009-02-23",0.0346986111111111,11.3177909722222,288,288,0.00299796,0.97785714,2009-02-23
"2009-02-24",0.0242083333333333,9.88688541666667,288,288,0.0020916,0.8542269,2009-02-24
"2009-02-25",0.444626388888889,40.946825,288,288,0.03841572,3.53780568,2009-02-25
"2009-02-26",2.21344861111111,45.3561486111111,288,288,0.19124196,3.91877124,2009-02-26
"2009-02-27",8.44790138888889,59.7946576388889,288,288,0.72989868,5.16625842,2009-02-27
"2009-02-28",3.01716527777778,4.5358125,288,288,0.26068308,0.3918942,2009-02-28
"2009-03-01",0.0839222222222222,19.0830229166667,288,288,0.00725088,1.64877318,2009-03-01
"2009-03-02",0.671377777777778,24.0289361111111,288,288,0.05800704,2.07610008,2009-03-02
"2009-03-03",4.65364861111111,67.0045243055555,288,288,0.40207524,5.7891909,2009-03-03
"2009-03-04",3.51505,68.979925,288,288,0.30370032,5.95986552,2009-03-04
"2009-03-05",3.04379444444444,48.6330013888889,288,288,0.26298384,4.20189132,2009-03-05
"2009-03-06",0.156547222222222,14.0353256944444,288,288,0.01352568,1.21265214,2009-03-06
"2009-03-07",2.29010833333333,36.5839465277778,288,288,0.19786536,3.16085298,2009-03-07
"2009-03-08",3.08252777777778,33.0837618055556,288,288,0.2663304,2.85843702,2009-03-08
"2009-03-09",2.70003611111111,38.2727708333333,288,288,0.23328312,3.3067674,2009-03-09
"2009-03-10",1.48639166666667,21.3785986111111,288,288,0.12842424,1.84711092,2009-03-10
"2009-03-11",0.336495833333333,12.7111451388889,288,288,0.02907324,1.09824294,2009-03-11
"2009-03-12",1.33791388888889,17.6758340277778,288,288,0.11559576,1.52719206,2009-03-12
"2009-03-13",0.00484166666666667,10.2317652777778,288,288,0.00041832,0.88402452,2009-03-13
"2009-03-14",0.398630555555556,13.7635722222222,288,288,0.03444168,1.18917264,2009-03-14
"2009-03-15",3.34881944444444,35.53053125,288,288,0.289338,3.0698379,2009-03-15
"2009-03-16",3.57476388888889,26.5676076388889,288,288,0.3088596,2.2954413,2009-03-16
"2009-03-17",1.24269444444444,21.47840625,288,288,0.1073688,1.8557343,2009-03-17
"2009-03-18",1.39843472222222,13.7556666666667,288,288,0.12082476,1.1884896,2009-03-18
"2009-03-19",4.3211875,18.1758604166667,288,288,0.3733506,1.57039434,2009-03-19
"2009-03-20",5.71316666666667,25.32050625,288,288,0.4936176,2.18769174,2009-03-20
"2009-03-21",5.24029722222222,25.2661555555556,288,288,0.45276168,2.18299584,2009-03-21
"2009-03-22",0,2.88256319444444,288,288,0,0.24905346,2009-03-22
"2009-03-23",0.185597222222222,10.636925,288,288,0.0160356,0.91903032,2009-03-23
"2009-03-24",0.333268055555556,13.2161125,288,288,0.02879436,1.14187212,2009-03-24
"2009-03-25",0.590683333333333,12.4354388888889,288,288,0.05103504,1.07442192,2009-03-25
"2009-03-26",2.24556825396825,14.5943305555556,252,252,0.16976496,1.10333139,2009-03-26
"2009-03-27",1.23311006944444,7.911640625,288,288,0.10654071,0.68356575,2009-03-27
"2009-03-28",7.81756875,29.7677260416667,288,288,0.67543794,2.57193153,2009-03-28
"2009-03-29",7.58963333333333,38.5299274305556,288,288,0.65574432,3.32898573,2009-03-29
"2009-03-30",3.44572638888889,14.6315458333333,288,288,0.29771076,1.26416556,2009-03-30
"2009-03-31",4.20243090277778,27.9135986111111,288,288,0.36309003,2.41173492,2009-03-31
"2009-04-01",1.34605104166667,21.0245315972222,288,288,0.11629881,1.81651953,2009-04-01
"2009-04-02",2.75781319444444,22.8254395833333,288,288,0.23827506,1.97211798,2009-04-02
"2009-04-03",9.85255972222222,29.3885375,288,288,0.85126116,2.53916964,2009-04-03
"2009-04-04",5.27537013888889,24.2756694444444,288,288,0.45579198,2.09741784,2009-04-04
"2009-04-05",3.13359861111111,14.9708197916667,288,288,0.27074292,1.29347883,2009-04-05
"2009-04-06",2.21775,10.1706159722222,288,288,0.1916136,0.87874122,2009-04-06
"2009-04-07",3.31122395833333,13.0311611111111,288,288,0.28608975,1.12589232,2009-04-07
"2009-04-08",2.40564270833333,10.9137875,288,288,0.20784753,0.94295124,2009-04-08
"2009-04-09",1.22592291666667,6.34451805555556,288,288,0.10591974,0.54816636,2009-04-09
"2009-04-10",0,0.893326388888889,288,288,0,0.0771834,2009-04-10
"2009-04-11",0.178652083333333,8.32314097222222,288,288,0.01543554,0.71911938,2009-04-11
"2009-04-12",4.684996875,26.1240947916667,288,288,0.40478373,2.25712179,2009-04-12
"2009-04-13",3.39746979166667,26.3550291666667,288,288,0.29354139,2.27707452,2009-04-13
"2009-04-14",5.45196875,30.4605291666667,288,288,0.4710501,2.63178972,2009-04-14
"2009-04-15",1.22181597222222,15.3766180555556,288,288,0.1055649,1.3285398,2009-04-15
"2009-04-16",1.14789097222222,12.6244125,288,288,0.09917778,1.09074924,2009-04-16
"2009-04-17",1.24953784722222,13.6023197916667,288,288,0.10796007,1.17524043,2009-04-17
"2009-04-18",0.585239583333333,8.53791944444444,288,288,0.0505647,0.73767624,2009-04-18
"2009-04-19",0.0451763888888889,5.23356215277778,288,288,0.00390324,0.45217977,2009-04-19
"2009-04-20",0.346010069444444,8.1083625,288,288,0.02989527,0.70056252,2009-04-20
"2009-04-21",0.00718715277777778,1.89309166666667,288,288,0.00062097,0.16356312,2009-04-21
"2009-04-22",0.380919097222222,7.15991597222222,288,288,0.03291141,0.61861674,2009-04-22
"2009-04-23",NA,NA,139,139,NA,NA,2009-04-23
"2009-04-24",NA,NA,0,0,NA,NA,2009-04-24
"2009-04-25",NA,NA,0,0,NA,NA,2009-04-25
"2009-04-26",NA,NA,0,0,NA,NA,2009-04-26
"2009-04-27",NA,NA,0,0,NA,NA,2009-04-27
"2009-04-28",NA,NA,0,0,NA,NA,2009-04-28
"2009-04-29",NA,NA,0,0,NA,NA,2009-04-29
"2009-04-30",NA,NA,0,0,NA,NA,2009-04-30
"2009-05-01",NA,NA,0,0,NA,NA,2009-05-01
"2009-05-02",NA,NA,0,0,NA,NA,2009-05-02
"2009-05-03",NA,NA,0,0,NA,NA,2009-05-03
"2009-05-04",NA,NA,0,0,NA,NA,2009-05-04
"2009-05-05",NA,NA,0,0,NA,NA,2009-05-05
"2009-05-06",NA,NA,0,0,NA,NA,2009-05-06
"2009-05-07",NA,NA,0,0,NA,NA,2009-05-07
"2009-05-08",NA,NA,0,0,NA,NA,2009-05-08
"2009-05-09",NA,NA,0,0,NA,NA,2009-05-09
"2009-05-10",NA,NA,0,0,NA,NA,2009-05-10
"2009-05-11",NA,NA,0,0,NA,NA,2009-05-11
"2009-05-12",NA,NA,0,0,NA,NA,2009-05-12
"2009-05-13",NA,NA,0,0,NA,NA,2009-05-13
"2009-05-14",NA,NA,0,0,NA,NA,2009-05-14
"2009-05-15",NA,NA,0,0,NA,NA,2009-05-15
"2009-05-16",NA,NA,0,0,NA,NA,2009-05-16
"2009-05-17",NA,NA,0,0,NA,NA,2009-05-17
"2009-05-18",NA,NA,0,0,NA,NA,2009-05-18
"2009-05-19",NA,NA,150,167,NA,NA,2009-05-19
"2009-05-20",0,2.08886319444444,288,288,0,0.18047778,2009-05-20
"2009-05-21",0.223828472222222,6.17155486111111,288,288,0.01933878,0.53322234,2009-05-21
"2009-05-22",0.009240625,4.81635972222222,288,288,0.00079839,0.41613348,2009-05-22
"2009-05-23",0,0.441911458333333,288,288,0,0.03818115,2009-05-23
"2009-05-24",0.00308020833333333,1.46163402777778,288,288,0.00026613,0.12628518,2009-05-24
"2009-05-25",0,0.907581597222222,288,288,0,0.07841505,2009-05-25
"2009-05-26",0.00616041666666667,4.17962708333333,288,288,0.00053226,0.36111978,2009-05-26
"2009-05-27",0,9.72965486111111,288,288,0,0.84064218,2009-05-27
"2009-05-28",0,11.1580267361111,288,288,0,0.96405351,2009-05-28
"2009-05-29",0.106780555555556,15.9743864583333,288,288,0.00922584,1.38018699,2009-05-29
"2009-05-30",0.0266951388888889,9.11382986111111,288,288,0.00230646,0.7874349,2009-05-30
"2009-05-31",0.0359357638888889,4.80020381944444,288,288,0.00310485,0.41473761,2009-05-31
"2009-06-01",0.104727083333333,7.84796736111111,288,288,0.00904842,0.67806438,2009-06-01
"2009-06-02",0.256684027777778,6.31505729166667,288,288,0.0221775,0.54562095,2009-06-02
"2009-06-03",0.361411111111111,9.605159375,288,288,0.03122592,0.82988577,2009-06-03
"2009-06-04",0.465111458333333,7.10937282608696,288,276,0.04018563,0.58865607,2009-06-04
"2009-06-05",0.495913541666667,8.93426597222222,288,288,0.04284693,0.77192058,2009-06-05
"2009-06-06",0,1.23425486111111,288,288,0,0.10663962,2009-06-06
"2009-06-07",0.0852190972222222,5.30956875,288,288,0.00736293,0.45874674,2009-06-07
"2009-06-08",0.00308020833333333,6.3501375,288,288,0.00026613,0.54865188,2009-06-08
"2009-06-09",0,1.55047708333333,288,288,0,0.13396122,2009-06-09
"2009-06-10",0.0143743055555556,5.77204375,288,288,0.00124194,0.49870458,2009-06-10
"2009-06-11",0,3.99625833333333,288,288,0,0.34527672,2009-06-11
"2009-06-12",0.0564704861111111,8.43621597222222,288,288,0.00487905,0.72888906,2009-06-12
"2009-06-13",0.0195079861111111,10.4580618055556,288,288,0.00168549,0.90357654,2009-06-13
"2009-06-14",0,2.1167125,288,288,0,0.18288396,2009-06-14
"2009-06-15",0.0164277777777778,7.03001527777778,288,288,0.00141936,0.60739332,2009-06-15
"2009-06-16",0.0236149305555556,5.10105972222222,288,288,0.00204033,0.44073156,2009-06-16
"2009-06-17",0.00205347222222222,3.40531805555556,288,288,0.00017742,0.29421948,2009-06-17
"2009-06-18",0.0308020833333333,7.21974861111111,288,288,0.0026613,0.62378628,2009-06-18
"2009-06-19",0.260790972222222,9.99064583333333,288,288,0.02253234,0.8631918,2009-06-19
"2009-06-20",0.244363194444444,7.45790347222222,288,288,0.02111298,0.64436286,2009-06-20
"2009-06-21",2.07092673611111,11.2555347222222,288,288,0.17892807,0.9724782,2009-06-21
"2009-06-22",1.14070381944444,6.96182986111111,288,288,0.09855681,0.6015021,2009-06-22
"2009-06-23",0.939463541666667,12.5629159722222,288,288,0.08116965,1.08543594,2009-06-23
"2009-06-24",0.196106597222222,8.17928541666667,288,288,0.01694361,0.70669026,2009-06-24
"2009-06-25",1.85839236111111,20.0326777777778,288,288,0.1605651,1.73082336,2009-06-25
"2009-06-26",2.72906458333333,16.6441590277778,288,288,0.23579118,1.43805534,2009-06-26
"2009-06-27",0.740276736111111,16.2429520833333,288,288,0.06395991,1.40339106,2009-06-27
"2009-06-28",0.790586805555556,9.8187,288,288,0.0683067,0.84833568,2009-06-28
"2009-06-29",0.792640277777778,10.067725,288,288,0.06848412,0.86985144,2009-06-29
"2009-06-30",1.03289652777778,10.0558666666667,288,288,0.08924226,0.86882688,2009-06-30
"2009-07-01",0.973345833333333,12.2674458333333,288,288,0.08409708,1.05990732,2009-07-01
"2009-07-02",0.0852190972222222,3.95376597222222,288,288,0.00736293,0.34160538,2009-07-02
"2009-07-03",0.146823263888889,2.83315347222222,288,288,0.01268553,0.24478446,2009-07-03
"2009-07-04",0,0.519790277777778,288,288,0,0.04490988,2009-07-04
"2009-07-05",0,0.214438194444444,288,288,0,0.01852746,2009-07-05
"2009-07-06",0,2.99324097222222,288,288,0,0.25861602,2009-07-06
"2009-07-07",0.455870833333333,10.7782368055556,288,288,0.03938724,0.93123966,2009-07-07
"2009-07-08",0.785453125,9.91751944444444,288,288,0.06786315,0.85687368,2009-07-08
"2009-07-09",1.42305625,14.63021875,288,288,0.12295206,1.2640509,2009-07-09
"2009-07-10",0.0626309027777778,7.97275277777778,288,288,0.00541131,0.68884584,2009-07-10
"2009-07-11",1.10476805555556,7.15848055555556,288,288,0.09545196,0.61849272,2009-07-11
"2009-07-12",3.49603645833333,8.77813125,288,288,0.30205755,0.75843054,2009-07-12
"2009-07-13",0.826522569444444,7.18219722222222,288,288,0.07141155,0.62054184,2009-07-13
"2009-07-14",0.364959205776173,12.1636854166667,277,288,0.03032811,1.05094242,2009-07-14
"2009-07-15",0.857213194444444,13.5076298611111,288,288,0.07406322,1.16705922,2009-07-15
"2009-07-16",0.403897569444444,14.0274201388889,288,288,0.03489675,1.2119691,2009-07-16
"2009-07-17",1.23640173611111,15.7053743055556,288,288,0.10682511,1.35694434,2009-07-17
"2009-07-18",2.67237638888889,14.6845694444444,288,288,0.23089332,1.2687468,2009-07-18
"2009-07-19",0.147303819444444,6.72169861111111,288,288,0.01272705,0.58075476,2009-07-19
"2009-07-20",0.346876736111111,8.38680625,288,288,0.02997015,0.72462006,2009-07-20
"2009-07-21",0.394394097222222,5.33921458333333,288,288,0.03407565,0.46130814,2009-07-21
"2009-07-22",0.458067361111111,16.2469048611111,288,288,0.03957702,1.40373258,2009-07-22
"2009-07-23",1.26206111111111,12.0816652777778,288,288,0.10904208,1.04385588,2009-07-23
"2009-07-24",0.8553125,14.4612375,288,288,0.073899,1.24945092,2009-07-24
"2009-07-25",1.38370555555556,17.4139625,288,288,0.11955216,1.50456636,2009-07-25
"2009-07-26",1.04918333333333,14.1756493055556,288,288,0.09064944,1.2247761,2009-07-26
"2009-07-27",2.82538229166667,13.91871875,288,288,0.24411303,1.2025773,2009-07-27
"2009-07-28",1.03017638888889,4.87772777777778,288,288,0.08900724,0.42143568,2009-07-28
"2009-07-29",1.15562222222222,9.27124027777778,288,288,0.09984576,0.80103516,2009-07-29
"2009-07-30",0.182466666666667,6.86301041666667,288,288,0.01576512,0.5929641,2009-07-30
"2009-07-31",0.413401041666667,6.79087222222222,288,288,0.03571785,0.58673136,2009-07-31
"2009-08-01",1.15942361111111,5.29672222222222,288,288,0.1001742,0.4576368,2009-08-01
"2009-08-02",2.20005381944444,3.58121666666667,288,288,0.19008465,0.30941712,2009-08-02
"2009-08-03",4.14066284722222,7.58241597222222,288,288,0.35775327,0.65512074,2009-08-03
"2009-08-04",2.10596944444444,3.14739930555556,288,288,0.18195576,0.2719353,2009-08-04
"2009-08-05",4.63579375,3.86976944444444,288,288,0.40053258,0.33434808,2009-08-05
"2009-08-06",8.26612013888889,4.97654722222222,288,288,0.71419278,0.42997368,2009-08-06
"2009-08-07",8.91995902777778,3.4152,288,288,0.77068446,0.29507328,2009-08-07
"2009-08-08",8.81447048611111,21.6118125,288,288,0.76157025,1.8672606,2009-08-08
"2009-08-09",4.80780659722222,23.4024208333333,288,288,0.41539449,2.02196916,2009-08-09
"2009-08-10",0.400096180555556,9.99262222222222,288,288,0.03456831,0.86336256,2009-08-10
"2009-08-11",1.27631631944444,6.74640347222222,288,288,0.11027373,0.58288926,2009-08-11
"2009-08-12",1.12806215277778,7.75633819444444,288,288,0.09746457,0.67014762,2009-08-12
"2009-08-13",13.7458222222222,30.1468479166667,288,288,1.18763904,2.60468766,2009-08-13
"2009-08-14",5.35330590277778,14.3723,288,288,0.46252563,1.24176672,2009-08-14
"2009-08-15",1.86173020833333,7.19998472222222,288,288,0.16085349,0.62207868,2009-08-15
"2009-08-16",1.05678611111111,7.19109097222222,288,288,0.09130632,0.62131026,2009-08-16
"2009-08-17",1.98180105263158,10.5481978647687,285,281,0.16944399,0.88921308,2009-08-17
"2009-08-18",0.92,14.6849090277778,288,288,0.079488,1.26877614,2009-08-18
"2009-08-19",3.7076,20.89248125,288,288,0.32033664,1.80511038,2009-08-19
"2009-08-20",6.63396666666667,33.8061027777778,288,288,0.57317472,2.92084728,2009-08-20
"2009-08-21",1.1132,20.7973027777778,288,288,0.09618048,1.79688696,2009-08-21
"2009-08-22",0.229233333333333,14.9809302083333,288,288,0.01980576,1.29435237,2009-08-22
"2009-08-23",0.6854,17.662059375,288,288,0.05921856,1.52600193,2009-08-23
"2009-08-24",2.34906666666667,34.6594826388889,288,288,0.20295936,2.9945793,2009-08-24
"2009-08-25",0.240733333333333,14.9777038194444,288,288,0.02079936,1.29407361,2009-08-25
"2009-08-26",0.0414,6.54876284722222,288,288,0.00357696,0.56581311,2009-08-26
"2009-08-27",0.0138,9.34442881944445,288,288,0.00119232,0.80735865,2009-08-27
"2009-08-28",0.0728333333333333,13.640365625,288,288,0.0062928,1.17852759,2009-08-28
"2009-08-29",0.943,19.578534375,288,288,0.0814752,1.69158537,2009-08-29
"2009-08-30",0.668533333333333,7.99418506944444,288,288,0.05776128,0.69069759,2009-08-30
"2009-08-31",0.923066666666667,14.0783479166667,288,288,0.07975296,1.21636926,2009-08-31
"2009-09-01",0.00153333333333333,5.567940625,288,288,0.00013248,0.48107007,2009-09-01
"2009-09-02",1.03423333333333,17.8524163194444,288,288,0.08935776,1.54244877,2009-09-02
"2009-09-03",1.87296666666667,16.6368743055556,288,288,0.16182432,1.43742594,2009-09-03
"2009-09-04",1.59773333333333,13.451621875,288,288,0.13804416,1.16222013,2009-09-04
"2009-09-05",5.014,18.9727798611111,288,288,0.4332096,1.63924818,2009-09-05
"2009-09-06",2.9463,14.2953225694444,288,288,0.25456032,1.23511587,2009-09-06
"2009-09-07",1.18296666666667,6.33259479166667,288,288,0.10220832,0.54713619,2009-09-07
"2009-09-08",7.0058,10.4430142361111,288,288,0.60530112,0.90227643,2009-09-08
"2009-09-09",12.8301666666667,12.0102326388889,288,288,1.1085264,1.0376841,2009-09-09
"2009-09-10",5.94243333333333,26.6104489583333,288,288,0.51342624,2.29914279,2009-09-10
"2009-09-11",8.3697,27.9792444444444,288,288,0.72314208,2.41740672,2009-09-11
"2009-09-12",13.0371666666667,34.2698961805556,288,288,1.1264112,2.96091903,2009-09-12
"2009-09-13",17.5221666666667,36.6550041666667,288,288,1.5139152,3.16699236,2009-09-13
"2009-09-14",13.2510666666667,30.5724545138889,288,288,1.14489216,2.64146007,2009-09-14
"2009-09-15",16.0563,48.1264298611111,288,288,1.38726432,4.15812354,2009-09-15
"2009-09-16",15.6476666666667,34.9353388888889,288,288,1.3519584,3.01841328,2009-09-16
"2009-09-17",13.4695666666667,39.5087451388889,288,288,1.16377056,3.41355558,2009-09-17
"2009-09-18",4.84686666666667,21.9442840277778,288,288,0.41876928,1.89598614,2009-09-18
"2009-09-19",8.71163333333333,42.9109722222222,288,288,0.75268512,3.707508,2009-09-19
"2009-09-20",7.48956666666667,42.6964173611111,288,288,0.64709856,3.68897046,2009-09-20
"2009-09-21",3.91996666666667,24.6334791666667,288,288,0.33868512,2.1283326,2009-09-21
"2009-09-22",5.50773333333333,20.92151875,288,288,0.47586816,1.80761922,2009-09-22
"2009-09-23",13.7601333333333,37.5479072916667,288,288,1.18887552,3.24413919,2009-09-23
"2009-09-24",9.71366666666667,29.4230534722222,288,288,0.8392608,2.54215182,2009-09-24
"2009-09-25",0.0023,1.20424965277778,288,288,0.00019872,0.10404717,2009-09-25
"2009-09-26",0.0329666666666667,4.18381979166667,288,288,0.00284832,0.36148203,2009-09-26
"2009-09-27",0,0.596881944444444,288,288,0,0.0515706,2009-09-27
"2009-09-28",0.0138,3.30059583333333,288,288,0.00119232,0.28517148,2009-09-28
"2009-09-29",0.414,8.76690520833333,288,288,0.0357696,0.75746061,2009-09-29
"2009-09-30",0.967533333333333,11.3867329861111,288,288,0.08359488,0.98381373,2009-09-30
"2009-10-01",0.877066666666667,25.3650628472222,288,288,0.07577856,2.19154143,2009-10-01
"2009-10-02",2.2494,9.94615034722222,288,288,0.19434816,0.85934739,2009-10-02
"2009-10-03",3.0636,18.2605545138889,288,288,0.26469504,1.57771191,2009-10-03
"2009-10-04",0.6509,11.7908381944444,288,288,0.05623776,1.01872842,2009-10-04
"2009-10-05",2.185,29.8134465277778,288,288,0.188784,2.57588178,2009-10-05
"2009-10-06",1.03346666666667,18.0895559027778,288,288,0.08929152,1.56293763,2009-10-06
"2009-10-07",0.230766666666667,15.4414972222222,288,288,0.01993824,1.33414536,2009-10-07
"2009-10-08",0.723733333333333,8.74996666666667,288,288,0.06253056,0.75599712,2009-10-08
"2009-10-09",6.79113333333333,14.1549746527778,288,288,0.58675392,1.22298981,2009-10-09
"2009-10-10",1.58163333333333,25.5320284722222,288,288,0.13665312,2.20596726,2009-10-10
"2009-10-11",0.0483,13.8347555555556,288,288,0.00417312,1.19532288,2009-10-11
"2009-10-12",1.54483333333333,19.9721538194444,288,288,0.1334736,1.72559409,2009-10-12
"2009-10-13",1.45743333333333,20.2988256944444,288,288,0.12592224,1.75381854,2009-10-13
"2009-10-14",2.51773333333333,14.1017392361111,288,288,0.21753216,1.21839027,2009-10-14
"2009-10-15",9.6784,28.9608732638889,288,288,0.83621376,2.50221945,2009-10-15
"2009-10-16",9.3955,20.1044357638889,288,288,0.8117712,1.73702325,2009-10-16
"2009-10-17",5.58823333333333,14.0872204861111,288,288,0.48282336,1.21713585,2009-10-17
"2009-10-18",9.223,27.0589170138889,288,288,0.7968672,2.33789043,2009-10-18
"2009-10-19",11.3957333333333,18.0855229166667,288,288,0.98459136,1.56258918,2009-10-19
"2009-10-20",9.1057,17.9637267361111,288,288,0.78673248,1.55206599,2009-10-20
"2009-10-21",6.66463333333333,15.6544388888889,288,288,0.57582432,1.35254352,2009-10-21
"2009-10-22",17.1894333333333,16.4957197916667,288,288,1.48516704,1.42523019,2009-10-22
"2009-10-23",12.4752,23.9301263888889,288,288,1.07785728,2.06756292,2009-10-23
"2009-10-24",22.3613666666667,18.3936430555556,288,288,1.93202208,1.58921076,2009-10-24
"2009-10-25",15.4460333333333,24.1067711805556,288,288,1.33453728,2.08282503,2009-10-25
"2009-10-26",5.244,6.77138368055556,288,288,0.4530816,0.58504755,2009-10-26
"2009-10-27",10.2725666666667,17.7580444444444,288,288,0.88754976,1.53429504,2009-10-27
"2009-10-28",0.713,6.1849875,288,288,0.0616032,0.53438292,2009-10-28
"2009-10-29",1.37463333333333,8.01596319444444,288,288,0.11876832,0.69257922,2009-10-29
"2009-10-30",2.00483333333333,7.063371875,288,288,0.1732176,0.61027533,2009-10-30
"2009-10-31",2.40503333333333,8.24342361111111,288,288,0.20779488,0.7122318,2009-10-31
"2009-11-01",6.37866666666667,6.23338333333333,288,288,0.5511168,0.53856432,2009-11-01
"2009-11-02",13.2717666666667,8.65075520833333,288,288,1.14668064,0.74742525,2009-11-02
"2009-11-03",17.9216,15.8044659722222,288,288,1.54842624,1.36550586,2009-11-03
"2009-11-04",3.19623333333333,11.2375125,288,288,0.27615456,0.97092108,2009-11-04
"2009-11-05",8.2915,11.4456145833333,288,288,0.7163856,0.9889011,2009-11-05
"2009-11-06",17.0897666666667,13.3298256944444,288,288,1.47655584,1.15169694,2009-11-06
"2009-11-07",13.7923333333333,11.3673746527778,288,288,1.1916576,0.98214117,2009-11-07
"2009-11-08",23.8671,9.12987395833333,288,288,2.06211744,0.78882111,2009-11-08
"2009-11-09",5.90026666666667,6.20111944444444,288,288,0.50978304,0.53577672,2009-11-09
"2009-11-10",1.80013333333333,3.55790034722222,288,288,0.15553152,0.30740259,2009-11-10
"2009-11-11",3.83946666666667,37.29048113879,288,281,0.33172992,3.14358756,2009-11-11
"2009-11-12",0.1679,13.1423517361111,288,288,0.01450656,1.13549919,2009-11-12
"2009-11-13",0.824166666666667,32.6919444444444,288,288,0.071208,2.824584,2009-11-13
"2009-11-14",0.479166666666667,15.5647868055556,288,288,0.0414,1.34479758,2009-11-14
"2009-11-15",4.51336666666667,37.6213954861111,288,288,0.38995488,3.25048857,2009-11-15
"2009-11-16",2.2471,43.8499711805556,288,288,0.19414944,3.78863751,2009-11-16
"2009-11-17",3.15943333333333,57.0702513888889,288,288,0.27297504,4.93086972,2009-11-17
"2009-11-18",9.08116666666667,65.439959375,288,288,0.7846128,5.65401249,2009-11-18
"2009-11-19",13.7348333333333,63.010871875,288,288,1.1866896,5.44413933,2009-11-19
"2009-11-20",6.6286,51.0146388888889,288,288,0.57271104,4.4076648,2009-11-20
"2009-11-21",3.8985,56.3983559027778,288,288,0.3368304,4.87281795,2009-11-21
"2009-11-22",11.7200333333333,75.6229298611111,288,288,1.01261088,6.53382114,2009-11-22
"2009-11-23",6.3526,64.3831732638889,288,288,0.54886464,5.56270617,2009-11-23
"2009-11-24",14.4401666666667,77.4038805555556,288,288,1.2476304,6.68769528,2009-11-24
"2009-11-25",9.68503094339623,31.8233270833333,265,288,0.76995996,2.74953546,2009-11-25
"2009-11-26",15.3108284722222,64.9106159722222,288,288,1.32285558,5.60827722,2009-11-26
"2009-11-27",6.35437291666667,42.5422934027778,288,288,0.54901782,3.67565415,2009-11-27
"2009-11-28",6.89882604166667,45.6793895833333,288,288,0.59605857,3.94669926,2009-11-28
"2009-11-29",2.89245763888889,43.26170625,288,288,0.24990834,3.73781142,2009-11-29
"2009-11-30",2.04069097222222,18.6819256944444,288,288,0.1763157,1.61411838,2009-11-30
"2009-12-01",9.83806631944444,56.4981423611111,288,288,0.85000893,4.8814395,2009-12-01
"2009-12-02",6.78348263888889,21.1661333333333,288,288,0.5860929,1.82875392,2009-12-02
"2009-12-03",18.5226986111111,80.4307364583333,288,288,1.60036116,6.94921563,2009-12-03
"2009-12-04",8.55315694444444,58.648778125,288,288,0.73899276,5.06725443,2009-12-04
"2009-12-05",18.6517541666667,74.1622461805556,288,288,1.61151156,6.40761807,2009-12-05
"2009-12-06",6.66410625,17.9843708333333,288,288,0.57577878,1.55384964,2009-12-06
"2009-12-07",22.1225420138889,53.1909340277778,288,288,1.91138763,4.5956967,2009-12-07
"2009-12-08",7.56749513888889,13.3951440972222,288,288,0.65383158,1.15734045,2009-12-08
"2009-12-09",2.97795694444444,5.40272395833333,288,288,0.25729548,0.46679535,2009-12-09
"2009-12-10",10.8922888888889,15.31009375,288,288,0.94109376,1.3227921,2009-12-10
"2009-12-11",13.1741524305556,14.7874027777778,288,288,1.13824677,1.2776316,2009-12-11
"2009-12-12",17.0554982638889,29.1956170138889,288,288,1.47359505,2.52250131,2009-12-12
"2009-12-13",16.0230538194444,34.0024732638889,288,288,1.38439185,2.93781369,2009-12-13
"2009-12-14",18.3613791666667,31.1970482638889,288,288,1.58642316,2.69542497,2009-12-14
"2009-12-15",12.7740802083333,33.1443097222222,288,288,1.10368053,2.86366836,2009-12-15
"2009-12-16",16.4949131944444,31.1844628158845,288,277,1.4251605,2.59142886,2009-12-16
"2009-12-17",25.7280315972222,36.1429666666667,288,288,2.22290193,3.12275232,2009-12-17
"2009-12-18",4.74359826388889,20.2078,288,288,0.40984689,1.74595392,2009-12-18
"2009-12-19",9.67432708333333,33.9434,288,288,0.83586186,2.93270976,2009-12-19
"2009-12-20",9.94857013888889,33.9035333333333,288,288,0.85955646,2.92926528,2009-12-20
"2009-12-21",0.0596881944444444,13.6712,288,288,0.00515706,1.18119168,2009-12-21
"2009-12-22",8.94113020833333,47.2458333333333,288,288,0.77251365,4.08204,2009-12-22
"2009-12-23",7.66267361111111,52.5994666666667,288,288,0.662055,4.54459392,2009-12-23
"2009-12-24",12.3078670138889,47.1009333333333,288,288,1.06339971,4.06952064,2009-12-24
"2009-12-25",8.28536666666667,27.8614333333333,288,288,0.71585568,2.40722784,2009-12-25
"2009-12-26",3.25703958333333,11.6065666666667,288,288,0.28140822,1.00280736,2009-12-26
"2009-12-27",15.1874190972222,50.7303333333333,288,288,1.31219301,4.3831008,2009-12-27
"2009-12-28",13.2798166666667,29.1586333333333,288,288,1.14737616,2.51930592,2009-12-28
"2009-12-29",22.5613309027778,46.4439,288,288,1.94929899,4.01275296,2009-12-29
"2009-12-30",15.1188583333333,42.9218333333333,288,288,1.30626936,3.7084464,2009-12-30
"2009-12-31",0.803370833333333,14.1749,288,288,0.06941124,1.22471136,2009-12-31
"2010-01-01",10.4220427083333,31.0063,288,288,0.90046449,2.67894432,2010-01-01
"2010-01-02",10.0203572916667,32.8677666666667,288,288,0.86575887,2.83977504,2010-01-02
"2010-01-03",0.288761805555556,14.5881333333333,288,288,0.02494902,1.26041472,2010-01-03
"2010-01-04",0.950171527777778,22.7424,288,288,0.08209482,1.96494336,2010-01-04
"2010-01-05",2.969084375,21.1423666666667,288,288,0.25652889,1.82670048,2010-01-05
"2010-01-06",7.56265555555556,21.2696333333333,288,288,0.65341344,1.83769632,2010-01-06
"2010-01-07",4.45564305555556,10.6911666666667,288,288,0.38496756,0.9237168,2010-01-07
"2010-01-08",4.83555034722222,32.5710666666667,288,288,0.41779155,2.81414016,2010-01-08
"2010-01-09",4.8492625,21.9289666666667,288,288,0.41897628,1.89466272,2010-01-09
"2010-01-10",1.49543125,9.81563333333333,288,288,0.12920526,0.84807072,2010-01-10
"2010-01-11",5.18158055555556,23.0973666666667,288,288,0.44768856,1.99561248,2010-01-11
"2010-01-12",2.06004930555556,23.4316333333333,288,288,0.17798826,2.02449312,2010-01-12
"2010-01-13",2.07779444444444,15.8654,288,288,0.17952144,1.37077056,2010-01-13
"2010-01-14",1.09777881944444,16.9694975265018,288,283,0.09484809,1.44071034,2010-01-14
"2010-01-15",1.94954548611111,52.5865131944444,288,288,0.16844073,4.54347474,2010-01-15
"2010-01-16",1.91486180555556,42.7893836805556,288,288,0.16544406,3.69700275,2010-01-16
"2010-01-17",0.354096180555556,19.7292083333333,288,288,0.03059391,1.7046036,2010-01-17
"2010-01-18",0.0129055555555556,22.4890166666667,288,288,0.00111504,1.94305104,2010-01-18
"2010-01-19",0.408944791666667,27.4564815972222,288,288,0.03533283,2.37224001,2010-01-19
"2010-01-20",0.3194125,37.1566756944444,288,288,0.02759724,3.21033678,2010-01-20
"2010-01-21",2.44802256944444,35.9297774305556,288,288,0.21150915,3.10433277,2010-01-21
"2010-01-22",3.12475763888889,28.610203125,288,288,0.26997906,2.47192155,2010-01-22
"2010-01-23",10.1227951388889,106.459796527778,288,288,0.8746095,9.19812642,2010-01-23
"2010-01-24",6.26887361111111,49.0417180555556,288,288,0.54163068,4.23720444,2010-01-24
"2010-01-25",5.60343090277778,48.7509118055556,288,288,0.48413643,4.21207878,2010-01-25
"2010-01-26",19.6640336805556,94.1528,288,288,1.69897251,8.13480192,2010-01-26
"2010-01-27",10.5325465277778,64.6274125,288,288,0.91001202,5.58380844,2010-01-27
"2010-01-28",20.454015,63.5867822916667,280,288,1.71813726,5.49389799,2010-01-28
"2010-01-29",16.8091666666667,47.5278149305556,288,288,1.452312,4.10640321,2010-01-29
"2010-01-30",4.50493333333333,21.9672760416667,288,288,0.38922624,1.89797265,2010-01-30
"2010-01-31",22.9785333333333,28.2044048611111,288,288,1.98534528,2.43686058,2010-01-31
"2010-02-01",4.7311,15.8175791666667,288,288,0.40876704,1.36663884,2010-02-01
"2010-02-02",22.4464666666667,80.1047673611111,288,288,1.93937472,6.9210519,2010-02-02
"2010-02-03",15.4199666666667,75.7360211805556,288,288,1.33228512,6.54359223,2010-02-03
"2010-02-04",18.0435,61.8352923611111,288,288,1.5589584,5.34256926,2010-02-04
"2010-02-05",7.6107,52.5988677083333,288,288,0.65756448,4.54454217,2010-02-05
"2010-02-06",13.3262,61.8153350694444,288,288,1.15138368,5.34084495,2010-02-06
"2010-02-07",12.5296333333333,28.2576243055556,288,288,1.08256032,2.44145874,2010-02-07
"2010-02-08",23.5037,56.6416447916667,288,288,2.03071968,4.89383811,2010-02-08
"2010-02-09",10.2135333333333,30.6049819444444,288,288,0.88244928,2.64427044,2010-02-09
"2010-02-10",6.3756,13.2288333333333,288,288,0.55085184,1.1429712,2010-02-10
"2010-02-11",11.684,35.4935680555556,288,288,1.0094976,3.06664428,2010-02-11
"2010-02-12",18.5533333333333,33.0350197916667,288,288,1.603008,2.85422571,2010-02-12
"2010-02-13",12.9574333333333,22.63156875,288,288,1.11952224,1.95536754,2010-02-13
"2010-02-14",8.1489,15.1466340277778,288,288,0.70406496,1.30866918,2010-02-14
"2010-02-15",8.39806666666667,20.5911732638889,288,288,0.72559296,1.77907737,2010-02-15
"2010-02-16",12.9628,30.4225152777778,288,288,1.11998592,2.62850532,2010-02-16
"2010-02-17",0.290566666666667,5.47209930555556,288,288,0.02510496,0.47278938,2010-02-17
"2010-02-18",0.431633333333333,10.4319614583333,288,288,0.03729312,0.90132147,2010-02-18
"2010-02-19",3.45766666666667,23.41845625,288,288,0.2987424,2.02335462,2010-02-19
"2010-02-20",11.0147,46.03291875,288,288,0.95167008,3.97724418,2010-02-20
"2010-02-21",12.8616,42.3560253472222,288,288,1.11124224,3.65956059,2010-02-21
"2010-02-22",10.1315,41.7468527777778,288,288,0.8753616,3.60692808,2010-02-22
"2010-02-23",9.69833333333333,43.91174375,288,288,0.837936,3.79397466,2010-02-23
"2010-02-24",9.44073333333333,41.7259451388889,288,288,0.81567936,3.60512166,2010-02-24
"2010-02-25",1.4674,24.8667854166667,288,288,0.12678336,2.14849026,2010-02-25
"2010-02-26",8.4272,42.7314125,288,288,0.72811008,3.69199404,2010-02-26
"2010-02-27",10.5194333333333,36.7670333333333,288,288,0.90887904,3.17667168,2010-02-27
"2010-02-28",1.10783333333333,11.0031201388889,288,288,0.0957168,0.95066958,2010-02-28
"2010-03-01",1.31023333333333,10.8415611111111,288,288,0.11320416,0.93671088,2010-03-01
"2010-03-02",3.44693333333333,20.0817871527778,288,288,0.29781504,1.73506641,2010-03-02
"2010-03-03",3.5972,16.9399392361111,288,288,0.31079808,1.46361075,2010-03-03
"2010-03-04",2.29693333333333,18.175390625,288,288,0.19845504,1.57035375,2010-03-04
"2010-03-05",0.576533333333333,6.047059375,288,288,0.04981248,0.52246593,2010-03-05
"2010-03-06",1.45743333333333,9.964390625,288,288,0.12592224,0.86092335,2010-03-06
"2010-03-07",0.840266666666667,9.01499375,288,288,0.07259904,0.77889546,2010-03-07
"2010-03-08",0.1081,7.37564479166667,288,288,0.00933984,0.63725571,2010-03-08
"2010-03-09",0.0835666666666667,2.69328402777778,288,288,0.00722016,0.23269974,2010-03-09
"2010-03-10",1.56093333333333,12.3098475694444,288,288,0.13486464,1.06357083,2010-03-10
"2010-03-11",2.26626666666667,10.5574072916667,288,288,0.19580544,0.91215999,2010-03-11
"2010-03-12",0.622533333333333,32.9684954861111,288,288,0.05378688,2.84847801,2010-03-12
"2010-03-13",0.137233333333333,9.62986840277778,288,288,0.01185696,0.83202063,2010-03-13
"2010-03-14",0.217733333333333,13.5148878472222,288,288,0.01881216,1.16768631,2010-03-14
"2010-03-15",0.399433333333333,NA,288,0,0.03451104,NA,2010-03-15
"2010-03-16",0.665466666666667,NA,288,0,0.05749632,NA,2010-03-16
"2010-03-17",0.276766666666667,NA,288,0,0.02391264,NA,2010-03-17
"2010-03-18",1.16916666666667,NA,288,0,0.101016,NA,2010-03-18
"2010-03-19",5.4349,NA,288,0,0.46957536,NA,2010-03-19
"2010-03-20",1.0718,NA,288,0,0.09260352,NA,2010-03-20
"2010-03-21",3.87396666666667,NA,288,0,0.33471072,NA,2010-03-21
"2010-03-22",0.6348,NA,288,0,0.05484672,NA,2010-03-22
"2010-03-23",3.83716666666667,NA,288,0,0.3315312,NA,2010-03-23
"2010-03-24",4.25423333333333,NA,288,0,0.36756576,NA,2010-03-24
"2010-03-25",2.8336,NA,288,0,0.24482304,NA,2010-03-25
"2010-03-26",6.01296666666667,NA,288,0,0.51952032,NA,2010-03-26
"2010-03-27",3.25603333333333,NA,288,0,0.28132128,NA,2010-03-27
"2010-03-28",3.04826666666667,NA,288,0,0.26337024,NA,2010-03-28
"2010-03-29",1.5801,NA,288,0,0.13652064,NA,2010-03-29
"2010-03-30",0.592633333333333,NA,288,0,0.05120352,NA,2010-03-30
"2010-03-31",1.05723333333333,NA,288,0,0.09134496,NA,2010-03-31
"2010-04-01",1.54866666666667,NA,288,0,0.1338048,NA,2010-04-01
"2010-04-02",3.3925,NA,288,0,0.293112,NA,2010-04-02
"2010-04-03",0.426266666666667,NA,288,0,0.03682944,NA,2010-04-03
"2010-04-04",1.6307,NA,288,0,0.14089248,NA,2010-04-04
"2010-04-05",6.4584,NA,288,0,0.55800576,NA,2010-04-05
"2010-04-06",4.57163333333333,NA,288,0,0.39498912,NA,2010-04-06
"2010-04-07",1.0051,NA,288,0,0.08684064,NA,2010-04-07
"2010-04-08",3.61253333333333,NA,288,0,0.31212288,NA,2010-04-08
"2010-04-09",5.2417,NA,288,0,0.45288288,NA,2010-04-09
"2010-04-10",2.72933333333333,NA,288,0,0.2358144,NA,2010-04-10
"2010-04-11",0.6394,NA,288,0,0.05524416,NA,2010-04-11
"2010-04-12",1.01506666666667,NA,288,0,0.08770176,NA,2010-04-12
"2010-04-13",1.2742,NA,288,0,0.11009088,NA,2010-04-13
"2010-04-14",1.4904,NA,288,0,0.12877056,NA,2010-04-14
"2010-04-15",0.353433333333333,NA,288,0,0.03053664,NA,2010-04-15
"2010-04-16",0.732933333333333,NA,288,0,0.06332544,NA,2010-04-16
"2010-04-17",2.8796,NA,288,0,0.24879744,NA,2010-04-17
"2010-04-18",2.99,NA,288,0,0.258336,NA,2010-04-18
"2010-04-19",2.52846666666667,NA,288,0,0.21845952,NA,2010-04-19
"2010-04-20",0.0475333333333333,NA,288,0,0.00410688,NA,2010-04-20
"2010-04-21",5.19186666666667,NA,288,0,0.44857728,NA,2010-04-21
"2010-04-22",1.49576666666667,NA,288,0,0.12923424,NA,2010-04-22
"2010-04-23",4.85498415492958,NA,284,0,0.41364465,NA,2010-04-23
"2010-04-24",1.99068194444444,NA,288,0,0.17199492,NA,2010-04-24
"2010-04-25",0.370228125,NA,288,0,0.03198771,NA,2010-04-25
"2010-04-26",0.544453125,NA,288,0,0.04704075,NA,2010-04-26
"2010-04-27",0.0604947916666667,NA,288,0,0.00522675,NA,2010-04-27
"2010-04-28",0.0750135416666667,NA,288,0,0.00648117,NA,2010-04-28
"2010-04-29",0.381520486111111,NA,288,0,0.03296337,NA,2010-04-29
"2010-04-30",1.74144340277778,NA,288,0,0.15046071,NA,2010-04-30
"2010-05-01",3.332053125,NA,288,0,0.28788939,NA,2010-05-01
"2010-05-02",1.822103125,NA,288,0,0.15742971,NA,2010-05-02
"2010-05-03",1.22844756944444,NA,288,0,0.10613787,NA,2010-05-03
"2010-05-04",3.28769027777778,NA,288,0,0.28405644,NA,2010-05-04
"2010-05-05",3.56919270833333,NA,288,0,0.30837825,NA,2010-05-05
"2010-05-06",4.37901631944444,NA,288,0,0.37834701,NA,2010-05-06
"2010-05-07",1.63255277777778,NA,288,0,0.14105256,NA,2010-05-07
"2010-05-08",3.17154027777778,NA,288,0,0.27402108,NA,2010-05-08
"2010-05-09",4.77908854166667,NA,288,0,0.41291325,NA,2010-05-09
"2010-05-10",3.47966041666667,NA,288,0,0.30064266,NA,2010-05-10
"2010-05-11",0.775946527777778,NA,288,0,0.06704178,NA,2010-05-11
"2010-05-12",1.97374340277778,NA,288,0,0.17053143,NA,2010-05-12
"2010-05-13",0.0919520833333333,NA,288,0,0.00794466,NA,2010-05-13
"2010-05-14",0.267790277777778,NA,288,0,0.02313708,NA,2010-05-14
"2010-05-15",0.438788888888889,NA,288,0,0.03791136,NA,2010-05-15
"2010-05-16",1.29297534722222,NA,288,0,0.11171307,NA,2010-05-16
"2010-05-17",3.64097986111111,NA,288,0,0.31458066,NA,2010-05-17
"2010-05-18",2.48109305555556,NA,288,0,0.21436644,NA,2010-05-18
"2010-05-19",1.3938,NA,288,0,0.12042432,NA,2010-05-19
"2010-05-20",4.76537638888889,NA,288,0,0.41172852,NA,2010-05-20
"2010-05-21",0.467019791666667,NA,288,0,0.04035051,NA,2010-05-21
"2010-05-22",2.04956354166667,NA,288,0,0.17708229,NA,2010-05-22
"2010-05-23",3.74180451388889,NA,288,0,0.32329191,NA,2010-05-23
"2010-05-24",0.781592708333333,NA,288,0,0.06752961,NA,2010-05-24
"2010-05-25",0,NA,288,0,0,NA,2010-05-25
"2010-05-26",0,NA,288,0,0,NA,2010-05-26
"2010-05-27",0,NA,288,0,0,NA,2010-05-27
"2010-05-28",0,NA,288,0,0,NA,2010-05-28
"2010-05-29",0,NA,288,0,0,NA,2010-05-29
"2010-05-30",0,NA,288,0,0,NA,2010-05-30
"2010-05-31",0,NA,288,0,0,NA,2010-05-31
"2010-06-01",0.00161319444444444,NA,288,0,0.00013938,NA,2010-06-01
"2010-06-02",0.00241979166666667,NA,288,0,0.00020907,NA,2010-06-02
"2010-06-03",0.0854993055555556,NA,288,0,0.00738714,NA,2010-06-03
"2010-06-04",0.00161319444444444,NA,288,0,0.00013938,NA,2010-06-04
"2010-06-05",0.0613013888888889,NA,288,0,0.00529644,NA,2010-06-05
"2010-06-06",0.365388541666667,NA,288,0,0.03156957,NA,2010-06-06
"2010-06-07",0,NA,288,0,0,NA,2010-06-07
"2010-06-08",0.000806597222222222,NA,288,0,6.969e-05,NA,2010-06-08
"2010-06-09",0.0895322916666667,NA,288,0,0.00773559,NA,2010-06-09
"2010-06-10",0.0169385416666667,NA,288,0,0.00146349,NA,2010-06-10
"2010-06-11",0.151640277777778,NA,288,0,0.01310172,NA,2010-06-11
"2010-06-12",0.128248958333333,NA,288,0,0.01108071,NA,2010-06-12
"2010-06-13",0.710612152777778,NA,288,0,0.06139689,NA,2010-06-13
"2010-06-14",0.708998958333333,NA,288,0,0.06125751,NA,2010-06-14
"2010-06-15",0.229880208333333,NA,288,0,0.01986165,NA,2010-06-15
"2010-06-16",1.83742847222222,NA,288,0,0.15875382,NA,2010-06-16
"2010-06-17",1.40912534722222,NA,288,0,0.12174843,NA,2010-06-17
"2010-06-18",0.246012152777778,NA,288,0,0.02125545,NA,2010-06-18
"2010-06-19",0.922747222222222,NA,288,0,0.07972536,NA,2010-06-19
"2010-06-20",0.0475892361111111,NA,288,0,0.00411171,NA,2010-06-20
"2010-06-21",1.430096875,NA,288,0,0.12356037,NA,2010-06-21
"2010-06-22",0.111310416666667,NA,288,0,0.00961722,NA,2010-06-22
"2010-06-23",0.558971875,NA,288,0,0.04829517,NA,2010-06-23
"2010-06-24",0.504123263888889,NA,288,0,0.04355625,NA,2010-06-24
"2010-06-25",0.469439583333333,NA,288,0,0.04055958,NA,2010-06-25
"2010-06-26",0.397652430555556,NA,288,0,0.03435717,NA,2010-06-26
"2010-06-27",0.0266177083333333,NA,288,0,0.00229977,NA,2010-06-27
"2010-06-28",0.00241979166666667,NA,288,0,0.00020907,NA,2010-06-28
"2010-06-29",0.445241666666667,NA,288,0,0.03846888,NA,2010-06-29
"2010-06-30",1.71563229166667,NA,288,0,0.14823063,NA,2010-06-30
"2010-07-01",2.60127604166667,NA,288,0,0.22475025,NA,2010-07-01
"2010-07-02",0.743682638888889,NA,288,0,0.06425418,NA,2010-07-02
"2010-07-03",1.0743875,NA,288,0,0.09282708,NA,2010-07-03
"2010-07-04",2.49561180555556,NA,288,0,0.21562086,NA,2010-07-04
"2010-07-05",3.46998125,NA,288,0,0.29980638,NA,2010-07-05
"2010-07-06",1.8584,NA,288,0,0.16056576,NA,2010-07-06
"2010-07-07",NA,NA,168,0,NA,NA,2010-07-07
